variant,stock,SKU,images[0],price,parent
FEARLESS,100,FEARLESSSET,https://kpopmerch.com/cdn/shop/products/le-sserafim-album-le-sserafim-fearless-1st-mini-album-33322009755829_800x.jpg?v=1650877195,200000,686deed568f2ba87171c0e63
ANTIFRAGILE,100,ANTIFRAGILEV1,https://kpopmerch.com/cdn/shop/products/le-sserafim-album-le-sserafim-antifragile-2nd-mini-album-photobook-ver-34440762294453_800x.jpg?v=1664873438,200000,686deed568f2ba87171c0e67
DEWY SAGE,100,UNFORGIVENV1,https://kpopmerch.com/cdn/shop/products/le-sserafim-album-le-sserafim-unforgiven-1st-studio-album-35306402906293_800x.jpg?v=1681724481,200000,686deed568f2ba87171c0e69
DUSTY AMBER,100,UNFORGIVENV2,https://kpopmerch.com/cdn/shop/products/le-sserafim-album-le-sserafim-unforgiven-1st-studio-album-35306402906293_800x.jpg?v=1681724482,200000,686deed568f2ba87171c0e69
BLOODY ROSE,100,UNFORGIVENV3,https://kpopmerch.com/cdn/shop/products/le-sserafim-album-le-sserafim-unforgiven-1st-studio-album-35306402906293_800x.jpg?v=1681724483,200000,686deed568f2ba87171c0e69
Vol. 1,100,CRAZYV1,https://kpopmerch.com/cdn/shop/files/le-sserafim-album-vol-2-le-sserafim-4th-mini-album-crazy-38462091264181_800x.jpg?v=1726319644,200000,686deed668f2ba87171c0e6b
Vol. 2,100,CRAZYV2,https://kpopmerch.com/cdn/shop/files/le-sserafim-album-vol-1-le-sserafim-4th-mini-album-crazy-38462091296949_800x.jpg?v=1726319641,200000,686deed668f2ba87171c0e6b
Vol. 3,100,CRAZYV3,https://kpopmerch.com/cdn/shop/files/le-sserafim-album-vol-3-le-sserafim-4th-mini-album-crazy-38462091329717_800x.jpg?v=1726319815,200000,686deed668f2ba87171c0e6b
Vol. 1,100,HOTV1,https://kpopmerch.com/cdn/shop/files/le-sserafim-album-vol-1-le-sserafim-hot-1157176773_800x.jpg?v=1745272531,200000,686deed668f2ba87171c0e6d
Vol. 2,100,HOTV2,https://kpopmerch.com/cdn/shop/files/le-sserafim-album-vol-2-le-sserafim-hot-1157176772_800x.jpg?v=1745272528,200000,686deed668f2ba87171c0e6d
Vol. 3,100,HOTV3,https://kpopmerch.com/cdn/shop/files/le-sserafim-album-vol-3-le-sserafim-hot-1157176771_800x.jpg?v=1745272524,200000,686deed668f2ba87171c0e6d
DIFFERENT,100,DIFR,https://i.pinimg.com/736x/09/1b/e7/091be7f2b89d1134722227be8fa2aa84.jpg,200000,686deed668f2ba87171c0e6f
SAVAGE,100,SAVAGE,https://kpopmerch.com/cdn/shop/products/aespa-album-aespa-savage-1st-mini-album-hallucination-quest-ver-33374862573749_800x.jpg?v=1651548234,200000,686df0a468f2ba87171c0f80
MY WORLD,100,MYWORLD,https://kpopmerch.com/cdn/shop/files/aespa-album-aespa-my-world-3rd-mini-album-poster-ver-35345626628277_800x.jpg?v=1683102199,200000,686df0a468f2ba87171c0f84
DRAMA,100,DRAMA,https://kpopmerch.com/cdn/shop/files/aespa-album-aespa-drama-4th-mini-album-drama-ver-36220574007477_800x.jpg?v=1699510808,200000,686df0a468f2ba87171c0f86
ARMAGEDDON,100,ARMAGEDDON,https://kpopmerch.com/cdn/shop/files/aespa-album-aespa-the-1st-album-armageddon-lp-ver-39180014878901_800x.jpg?v=1733886838,200000,686df0a468f2ba87171c0f88
[2] ALBUM,100,I-DLE-SET[2],https://kpopmerch.com/cdn/shop/files/g-i-dle-album-set-g-i-dle-2nd-full-album-2-36614204784821_800x.jpg?v=1704883257,220000,686df29a68f2ba87171c12ac
WIND,100,I-DLE-WIND,https://kpopmerch.com/cdn/shop/files/g-i-dle-album-wind-g-i-dle-7th-mini-album-i-sway-38184384299189_800x.jpg?v=1726240074,220000,686df29a68f2ba87171c12ae
WAVE,100,I-DLE-WAVE,https://kpopmerch.com/cdn/shop/files/g-i-dle-album-wave-g-i-dle-7th-mini-album-i-sway-38184384331957_800x.jpg?v=1726240079,220000,686df29a68f2ba87171c12ae
BEAT,100,I-DLE-BEAT,https://kpopmerch.com/cdn/shop/files/g-i-dle-album-beat-g-i-dle-7th-mini-album-i-sway-38184384364725_800x.jpg?v=1726240084,220000,686df29a68f2ba87171c12ae
I FEEL,100,IFEEL,https://kpopmerch.com/cdn/shop/products/g-i-dle-album-g-i-dle-i-feel-6th-mini-album-35310116438197_800x.jpg?v=1681798461,220000,686df29a68f2ba87171c12b0
2035C (Red),100,HER-RED,https://kpopmerch.com/cdn/shop/files/g-i-dle-album-2035c-red-minnie-1st-mini-album-her-39376889413813_800x.jpg?v=1736390994,220000,686df29a68f2ba87171c12b2
6050C (Pink),100,HER-PINK,https://kpopmerch.com/cdn/shop/files/g-i-dle-album-6050c-pink-minnie-1st-mini-album-her-39376889479349_800x.jpg?v=1736390997,220000,686df29a68f2ba87171c12b2
START,100,YUQ1-START,https://kpopmerch.com/cdn/shop/files/g-i-dle-start-yuqi-1st-mini-album-yuq1-37276916056245_800x.jpg?v=1712195946,220000,686df29a68f2ba87171c12b4
RABBIT,100,YUQ1-RABBIT,https://kpopmerch.com/cdn/shop/files/g-i-dle-rabbit-yuqi-1st-mini-album-yuq1-37276916089013_800x.jpg?v=1712195948,220000,686df29a68f2ba87171c12b4
RED,100,IVERED,https://kpopmerch.com/cdn/shop/files/ive-album-ive-eleven-1157176787_800x.jpg?v=1745272637,220000,686df36f68f2ba87171c13a7
BLACK,100,IVEBLACK,https://kpopmerch.com/cdn/shop/files/ive-album-ive-eleven-1157176787_800x.jpg?v=1745272637,220000,686df36f68f2ba87171c13a7
LOVE DIVE,100,IVELOVEDIVE,https://kpopmerch.com/cdn/shop/products/ive-album-ive-love-dive-2nd-single-album-33385348464821_800x.jpg?v=1651648674,220000,686df36f68f2ba87171c13a9
AFTER LIKE,100,IVEAFTERLIKE,https://kpopmerch.com/cdn/shop/products/ive-album-ive-after-like-the-3rd-single-album-34144102940853_800x.jpg?v=1661218541,220000,686df36f68f2ba87171c13ab
ON,100,ONIVE,https://kpopmerch.com/cdn/shop/files/ive-album-ive-2nd-ep-ive-switch-37697105690805_800x.jpg?v=1716175557,220000,686df36f68f2ba87171c13ad
OFF,100,OFFIVE,https://kpopmerch.com/cdn/shop/files/ive-album-ive-2nd-ep-ive-switch-37697105690805_800x.jpg?v=1716175557,220000,686df36f68f2ba87171c13ad
SPIN-OFF,100,SPIN-OFFIVE,https://kpopmerch.com/cdn/shop/files/ive-album-ive-2nd-ep-ive-switch-37697105690805_800x.jpg?v=1716175557,220000,686df36f68f2ba87171c13ad
LOVED IVE,100,LOVEDIVE,https://kpopmerch.com/cdn/shop/files/ive-album-ive-2nd-ep-ive-switch-37697105690805_800x.jpg?v=1716175557,220000,686df36f68f2ba87171c13ad
EITHER WAY,100,EITHERWAYIVE,https://kpopmerch.com/cdn/shop/files/ive-album-ive-the-1st-ep-i-ve-mine-38630387548341_800x.jpg?v=1727668919,220000,686df36f68f2ba87171c13af
OFF THE RECORD,100,OTRIVE,https://kpopmerch.com/cdn/shop/files/ive-album-ive-the-1st-ep-i-ve-mine-38630387548341_800x.jpg?v=1727668919,220000,686df36f68f2ba87171c13af
BADDIE,100,BDIVE,https://kpopmerch.com/cdn/shop/files/ive-album-ive-the-1st-ep-i-ve-mine-38630387548341_800x.jpg?v=1727668919,220000,686df36f68f2ba87171c13af
SIGNAL,100,SIGNALPTB,https://kpopmerch.com/cdn/shop/products/twice-album-twice-signal-4th-mini-album-33941963538613_800x.jpg?v=1658823823,180000,686df40e68f2ba87171c13d4
WHAT IS LOVE,100,WHATISLOVE,https://kpopmerch.com/cdn/shop/products/twice-album-twice-what-is-love-5th-mini-album-33441257980085_800x.jpg?v=1652400720,200000,686df40e68f2ba87171c13d8
FEEL SPECIAL,100,FEELSPECIAL,https://kpopmerch.com/cdn/shop/products/twice-album-twice-feel-special-the-8th-mini-album-33435890942133_800x.jpg?v=1652344014,220000,686df40e68f2ba87171c13db
MORE & MORE,100,MORE&MORE,https://kpopmerch.com/cdn/shop/products/twice-album-twice-more-more-the-9th-mini-album-33441264271541_800x.jpg?v=1652400532,230000,686df40e68f2ba87171c13de
FORMULA OF LOVE,100,FORMULA,https://kpopmerch.com/cdn/shop/products/twice-album-twice-formula-of-love-o-t-3-the-3rd-full-album-33436106752181_800x.jpg?v=1652345814,240000,686df40e68f2ba87171c13e1
GUESS WHO?,100,GUESSWHO,https://kpopmerch.com/cdn/shop/products/itzy-album-copy-of-itzy-guess-who-mini-album-33427691897013_800x.jpg?v=1652252214,210000,686df42d68f2ba87171c140b
CRAZY IN LOVE,100,CRAZYINLUV,https://kpopmerch.com/cdn/shop/products/itzy-album-itzy-itzy-1st-album-crazy-in-love-31879898398901_800x.jpg?v=1646658370,220000,686df42d68f2ba87171c140d
CHECKMATE,100,CHECKMATE,https://kpopmerch.com/cdn/shop/products/itzy-album-itzy-checkmate-standard-edition-33739062149301_800x.jpg?v=1656574009,240000,686df42d68f2ba87171c140f
KILL MY DOUBT,100,KMYDOUBT,https://kpopmerch.com/cdn/shop/files/itzy-album-itzy-kill-my-doubt-standart-ver-35633550295221_800x.jpg?v=1689322815,250000,686df42d68f2ba87171c1411
SUPER ME,100,SUPAME,https://kpopmerch.com/cdn/shop/files/illit-album-illit-1st-album-super-real-me-37109465448629_800x.jpg?v=1710462543,180000,686df47668f2ba87171c1418
REAL ME,100,RIJALME,https://kpopmerch.com/cdn/shop/files/illit-album-illit-1st-album-super-real-me-37109465448629_800x.jpg?v=1710462543,180000,686df47668f2ba87171c1418
TO,100,TOILLIT,https://kpopmerch.com/cdn/shop/files/illit-album-between-ver-illit-2nd-mini-album-i-ll-like-you-38583616635061_800x.jpg?v=1727150882,170000,686df47668f2ba87171c141f
WITH,100,WITHILLIT,https://kpopmerch.com/cdn/shop/files/illit-album-to-ver-illit-2nd-mini-album-i-ll-like-you-38583616667829_800x.jpg?v=1727151068,170000,686df47668f2ba87171c141f
BETWEEN,100,BETWEENILLIT,https://kpopmerch.com/cdn/shop/files/illit-album-with-ver-illit-2nd-mini-album-i-ll-like-you-38583616700597_800x.jpg?v=1727151056,170000,686df47668f2ba87171c141f
MAGIC BOMB,100,MGBILLIT,https://kpopmerch.com/cdn/shop/files/illit-album-magic-bomb-illit-bomb-1173684893_800x.jpg?v=1750150756,200000,686df47668f2ba87171c1422
STAR BOMB,100,STBILLT,https://kpopmerch.com/cdn/shop/files/illit-album-pink-bomb-illit-bomb-1173684891_800x.jpg?v=1750150750,200000,686df47668f2ba87171c1422
PINK BOMB,100,PBILLIT,https://kpopmerch.com/cdn/shop/files/illit-album-star-bomb-illit-bomb-1173684889_800x.jpg?v=1750150647,200000,686df47668f2ba87171c1422
KIT ALBUM,100,BORNPINK1,https://kpopmerch.com/cdn/shop/products/blackpink-album-yg-select-kpop-merch-exclusive-benefit-blackpink-born-pink-2nd-album-kit-album-34307513647285_800x.jpg?v=1663217982,250000,686df49a68f2ba87171c1439
BLACK,100,SQUAREUPBLACK,https://kpopmerch.com/cdn/shop/products/black-pink-album-black-black-pink-square-up-1st-mini-album-32488735867061_800x.jpg?v=1646660900,220000,686df49a68f2ba87171c143b
PINK,100,SQUAREUPPINK,https://kpopmerch.com/cdn/shop/products/black-pink-album-pink-black-pink-square-up-1st-mini-album-32488736030901_800x.jpg?v=1646661062,220000,686df49a68f2ba87171c143b
BLACK,100,KILLTSLUVBLACK,https://kpopmerch.com/cdn/shop/products/black-pink-album-black-black-pink-kill-this-love-2nd-mini-album-32488719253685_800x.jpg?v=1646660717,210000,686df49a68f2ba87171c143d
PINK,100,KILLTSLUVPINK,https://kpopmerch.com/cdn/shop/products/black-pink-album-pink-black-pink-kill-this-love-2nd-mini-album-32488719548597_800x.jpg?v=1646660720,210000,686df49a68f2ba87171c143d
UNLOCK MY WORLD,100,UNLOCKMYW,https://kpopmerch.com/cdn/shop/files/fromis-9-album-fromis-9-unlock-my-world-1st-album-35409975443637_800x.jpg?v=1684300098,270000,686df4dc68f2ba87171c14ad
BEAUTIFUL,100,BEAUTIFULCHAOS,https://kpopmerch.com/cdn/shop/files/katseye-album-beautiful-katseye-beautiful-chaos-1161188537_800x.jpg?v=1746615555,260000,686df50768f2ba87171c14c6
CHAOTIC,100,BEAUTIFULCHAOTIC,https://kpopmerch.com/cdn/shop/files/katseye-album-chaotic-katseye-beautiful-chaos-1161188536_800x.jpg?v=1746615551,260000,686df50768f2ba87171c14c6
MAGIC HOUR,100,KEP1ERMGH,https://kpopmerch.com/cdn/shop/files/kep1er-album-kep1er-magic-hour-5th-mini-album-35864354914485_800x.jpg?v=1693817770,250000,686df5be68f2ba87171c14fd
LOVESTRUCK,100,KEP1ERLUVSK,https://kpopmerch.com/cdn/shop/products/kep1er-album-kep1er-lovestruck-4th-mini-album-platform-ver-35257301860533_800x.jpg?v=1680504621,240000,686df5be68f2ba87171c14ff
TROUBLESHOOTER,100,KEP1ERTBS,https://kpopmerch.com/cdn/shop/products/kep1er-album-kep1er-troubleshooter-3rd-mini-album-34391953932469_800x.jpg?v=1664257117,235000,686df5bf68f2ba87171c1501
SUMMER VIBE,100,VIVIZSUMVIBE,https://kpopmerch.com/cdn/shop/products/viviz-album-viviz-summer-vibe-2nd-mini-album-33749655290037_800x.jpg?v=1656660768,240000,686e00dce8ff5f0fb83296a1
A VER.,100,TRIPLESALBA,https://kpopmerch.com/cdn/shop/files/triples-album-a-ver-triples-1st-album-visionary-vision-38647524327605_800x.jpg?v=1727928833,260000,686e00dce8ff5f0fb83296a3
B VER.,100,TRIPLESALBB,https://kpopmerch.com/cdn/shop/files/triples-album-b-ver-triples-1st-album-visionary-vision-38647524360373_800x.jpg?v=1727928840,260000,686e00dce8ff5f0fb83296a3
ASSEMBLE25,100,TRIPLESALB2,https://kpopmerch.com/cdn/shop/files/triples-album-triples-assemble25-1172722581_800x.jpg?v=1749632369,180000,686e0102e8ff5f0fb83296a8
HEARIN,100,NJS1STHEARIN,https://kpopmerch.com/cdn/shop/files/newjeans-album-haerin-newjeans-new-jeans-1st-ep-bluebook-ver-39461751390389_800x.jpg?v=1737513483,260000,686e012ae8ff5f0fb83296b1
DANIELLE,100,NJS1STDANI,https://kpopmerch.com/cdn/shop/files/newjeans-album-danielle-newjeans-new-jeans-1st-ep-bluebook-ver-39461750735029_800x.jpg?v=1737513471,260000,686e012ae8ff5f0fb83296b1
HEARIN,100,NJS2NDHAERIN,https://kpopmerch.com/cdn/shop/products/newjeans-album-newjeans-omg-1st-single-message-card-ver-34824176664757_800x.jpg?v=1671512549,270000,686e012ae8ff5f0fb83296b3
DANIELLE,100,NJS2NDDANI,https://kpopmerch.com/cdn/shop/products/newjeans-album-newjeans-omg-1st-single-message-card-ver-34824176664757_800x.jpg?v=1671512549,270000,686e012ae8ff5f0fb83296b3
HEARIN,100,NJS3RDHARIN,https://kpopmerch.com/cdn/shop/files/newjeans-album-newjeans-get-up-2nd-ep-bunny-beach-bag-ver-35563015372981_800x.jpg?v=1688022496,280000,686e012ae8ff5f0fb83296b5
DANIELLE,100,NJS3RDDANI,https://kpopmerch.com/cdn/shop/files/newjeans-album-newjeans-get-up-2nd-ep-bunny-beach-bag-ver-35563015372981_800x.jpg?v=1688022496,280000,686e012ae8ff5f0fb83296b5
MIDAS TOUCH,100,KOL1ST,https://kpopmerch.com/cdn/shop/files/kiss-of-life-album-kiss-of-life-1st-single-album-midas-touch-37136723476661_800x.jpg?v=1710744784,320000,686e0155e8ff5f0fb83296ba
JULIE,100,KOL224J,https://kpopmerch.com/cdn/shop/files/kiss-of-life-album-kiss-of-life-224-digipack-ver-1168826977_800x.jpg?v=1747904236,350000,686e0155e8ff5f0fb83296bc
NATTY,100,KOL224N,https://kpopmerch.com/cdn/shop/files/kiss-of-life-album-kiss-of-life-224-digipack-ver-1168826977_800x.jpg?v=1747904236,350000,686e0155e8ff5f0fb83296bc
BELLE,100,KOL224B,https://kpopmerch.com/cdn/shop/files/kiss-of-life-album-kiss-of-life-224-digipack-ver-1168826977_800x.jpg?v=1747904236,350000,686e0155e8ff5f0fb83296bc
HANEUL,100,KOL224H,https://kpopmerch.com/cdn/shop/files/kiss-of-life-album-kiss-of-life-224-digipack-ver-1168826977_800x.jpg?v=1747904236,350000,686e0155e8ff5f0fb83296bc
LOSE YOUR SELF,100,KOL3RD,https://kpopmerch.com/cdn/shop/files/kiss-of-life-album-kiss-of-life-3rd-mini-album-lose-your-self-magazine-ver-38632034795701_800x.jpg?v=1727755314,360000,686e0155e8ff5f0fb83296be
